id,employee_id,establishment_id
6af7bc78-4ac0-4c7d-ba38-bf22ff1e62dc,895beb91-2260-401d-9f44-d69b0d962015,783b6573-6c94-455d-bc58-ba121c49dbf3
9e0b17ec-9de3-4913-a164-88fc99b0d4ef,8585509b-8a47-479e-9f25-63b306306db4,d5e20f1f-c84d-4c69-a208-c322e6758f98
5f58e0d1-a717-4afe-afc7-86e41bf83f4a,65140eb6-8c5d-4ceb-aeca-88b40e22fb94,7e0fcbb8-2184-4a49-af08-dacbc0586a7e
2b4e3e35-2c54-41f1-baeb-dd510670c46d,26e6d9dc-511f-4082-923c-bbb865e5ec3c,dff4cb71-ab69-481b-bdb5-7a43ddcd2f8e
2415bba0-e889-463f-899b-b26a5b3cfed0,c09d7f23-5ec9-4035-a172-a04894239dbb,d2a2c814-7ed3-4ef5-b3df-5f054110737e
eb2bef62-6099-4c32-8748-ac9e3edb5378,845a722f-5189-49b9-8f3d-7afebdef6646,761080ef-8b77-4932-b197-6d69fabebb12
f972400e-4ac8-434d-b3dc-b9aa36f69ea0,0010afa8-dfc6-4cf4-85d6-1c4782392ab1,761080ef-8b77-4932-b197-6d69fabebb12
bbb5868b-3489-4dc7-9c06-93c95cb8e040,24beadf5-9407-44ce-b810-baa57fcabfa5,202a0d89-cf61-4d59-b77f-4cab45d33edc
f993a3e8-ac14-4610-98a8-d5575a4c998d,8b2af0c2-349e-4420-a2d8-7c829930b0df,202a0d89-cf61-4d59-b77f-4cab45d33edc
5edf3dde-41b1-41f7-93fb-b03e7f50cf9f,1706523b-c1b3-4c8f-9611-fd84cc2f7ba7,202a0d89-cf61-4d59-b77f-4cab45d33edc
49f7d11f-4d26-4f2b-8fae-40334a6b172d,43cff266-c196-4515-8b5b-08a78d238388,202a0d89-cf61-4d59-b77f-4cab45d33edc
8f6a705c-4f94-4bea-a99c-3f4ff9971c4e,9c9e07d8-59c2-43af-9f3d-4398be02ad30,202a0d89-cf61-4d59-b77f-4cab45d33edc
55f2afdc-0b20-4d09-bbf4-8a0f86db5585,07f6192e-8b43-4762-83c9-e109c9186bd8,202a0d89-cf61-4d59-b77f-4cab45d33edc
ee4a55c6-994d-4fca-827c-a78c87186d71,52b6488e-8a5e-4451-86ab-cd2a5328c6dd,202a0d89-cf61-4d59-b77f-4cab45d33edc
f580cf99-745c-4316-9791-d53ee060c9ac,e59c668a-7eaa-404b-8247-d92296e2918d,202a0d89-cf61-4d59-b77f-4cab45d33edc
a478d8ab-10e4-4d41-b9ca-a6473821c2f5,9388ba64-dabd-4fd4-ba42-c6f1b1b4ba46,202a0d89-cf61-4d59-b77f-4cab45d33edc
565fb0f1-a0e1-4b94-b4b1-99de87e93e62,9c48bb42-7cf4-4947-b385-66baa50ed4b8,202a0d89-cf61-4d59-b77f-4cab45d33edc
15e77e11-6fef-4740-b095-f274a6dee9b5,2f08d7d8-6a34-4662-a64e-3ecd71677f5b,5b20001e-d4e0-4f93-9b59-642be8d8d050
104f35b2-ae64-407f-a6c6-3893e0e1e6ee,f757bb4f-d0b4-43d2-84dd-0efc22f39125,5b20001e-d4e0-4f93-9b59-642be8d8d050
ef78d604-f47f-4409-b10a-9b88edda10e5,879d76b6-8a9e-4140-9234-8294d10f64c0,5b20001e-d4e0-4f93-9b59-642be8d8d050
034175b3-ad3b-45e8-a1cf-fe95afa37ce8,78463fd4-6440-4ce5-ac92-0c0d67131e32,5b20001e-d4e0-4f93-9b59-642be8d8d050
8e49b237-e497-451f-be1d-fb15865281a2,ca6ec3e8-76a4-4c5f-a4f4-4286088ea110,5b20001e-d4e0-4f93-9b59-642be8d8d050
c45ba131-64b0-4753-a566-37b803c16662,86fecaf1-380f-4d05-ad96-2e6eb976bdec,5b20001e-d4e0-4f93-9b59-642be8d8d050
f1f375f6-0caf-49a7-9432-5dc70557155e,e008d6a3-c0d6-4285-aec2-58441aeb465d,5b20001e-d4e0-4f93-9b59-642be8d8d050
d283823f-5ca1-4509-8d49-52b06dde8af0,2a4d79d8-f997-415c-a707-37b9a2a477c1,5b20001e-d4e0-4f93-9b59-642be8d8d050
6cefb8e6-1935-4182-b1b5-5a9a352ba954,a3cf929f-9583-43df-b197-6e70ae1bc23c,5b20001e-d4e0-4f93-9b59-642be8d8d050
d1957173-bb19-4e3d-9f5a-7396db5c8d96,ffe37487-fb47-4501-a190-7e235b732aba,5b20001e-d4e0-4f93-9b59-642be8d8d050
a5271f24-c451-476f-af18-67a94be65865,8f0d07b8-3902-40e6-9a84-e13a4f71f1ae,5b20001e-d4e0-4f93-9b59-642be8d8d050
6fa9214d-247d-4d31-9512-dd001b7eb208,54342de3-ce42-4dd9-8eaf-12c56703f64e,5b20001e-d4e0-4f93-9b59-642be8d8d050
e6aea1a0-a10b-44b0-b399-6241530242db,6bc8bd14-7a02-4597-9d66-d130ff9cb7a4,5b20001e-d4e0-4f93-9b59-642be8d8d050
b5bb2875-5c95-498d-9bc4-e2ec814832d5,3157ae10-12ee-42a3-9317-5fec30b48d65,5b20001e-d4e0-4f93-9b59-642be8d8d050
154d15cf-42d4-4540-8498-8ad8587184a8,cfa350e0-a4d6-4926-b0fe-b3d5a00806a3,261053ae-d0e5-4c6b-ba8b-247cabe8699d
2a23ed29-7a0b-4f3b-be10-47f954233870,2a146b7b-cea9-4fec-9a57-daf6ccfc8b70,261053ae-d0e5-4c6b-ba8b-247cabe8699d
ed9789bf-50fd-48c0-9a63-98ad1446d30e,399efe96-1d2b-4656-9bc8-98c9b4b27f76,261053ae-d0e5-4c6b-ba8b-247cabe8699d
07cf755a-5776-49d0-ab8d-a9af30144876,daac8edf-1cfe-4e48-b25a-52f775ebcca8,261053ae-d0e5-4c6b-ba8b-247cabe8699d
073170d5-ac9e-4440-a57a-0e3eb38cd9a5,d999809a-ec16-46ba-8d43-d33548fbfbc2,261053ae-d0e5-4c6b-ba8b-247cabe8699d
8657ccda-0ac1-4d86-bb40-39bcebeba23e,af5b4b6e-f46f-4fc2-ae6d-9780992c1afd,261053ae-d0e5-4c6b-ba8b-247cabe8699d
d8215754-1339-4e09-8e8d-75abd9528d6a,5fdd70b4-76e9-4be6-b699-715136190596,261053ae-d0e5-4c6b-ba8b-247cabe8699d
e0dc5fb4-7b90-4395-97c7-5a032f379963,4e83d3dc-41cf-48df-8255-f522e4df6df6,261053ae-d0e5-4c6b-ba8b-247cabe8699d
f0cf17f0-0e9e-42b4-8d5d-7a3df87cb9c1,e82db59e-8dcc-4f2c-af2e-b88017bc7de6,261053ae-d0e5-4c6b-ba8b-247cabe8699d
39467ea7-42d7-43db-a08f-8ca7db2470af,a0d7c503-e60c-4ef3-bb65-9fd6648d8500,be8308ed-7df3-43d0-b75c-6bdc97b060e4
1e59589a-fbcb-42c1-bba4-395fd8f98229,b9560ee0-c476-4e94-95a0-240dc14e1244,be8308ed-7df3-43d0-b75c-6bdc97b060e4
2343cd01-2c1d-436f-a140-6276938db0db,b82be337-0697-4df7-934f-f32bc3ac7813,be8308ed-7df3-43d0-b75c-6bdc97b060e4
aa575aea-9e28-4b6d-b585-d4d9e9ee95b8,cf53004e-1781-4235-b2a3-b38bff4a7a48,be8308ed-7df3-43d0-b75c-6bdc97b060e4
