id,telegram_id,expiration_time
7043b122-4962-4109-a281-0b30623c0b1e,1162582021,25.12.2038
24a0cd52-e46d-4e32-acb3-bde238b6a978,1162582022,25.12.2038
c1212086-138a-43ad-aef8-6e5050ec37da,1162582023,25.12.2038
5c37f5b8-d63c-474e-9275-461d9107b129,1162582024,25.12.2038
d618e15a-c611-4b85-8f12-b877447fb3bf,1162582025,25.12.2038
6b6737d2-6857-45a6-966e-893d868cecb4,1162582020,25.12.2038
ab60d244-109e-4f8e-b604-465e2052d129,1162582027,25.12.2038
ca17e002-86e8-4300-96dc-e26dc57ca6cb,1162582028,25.12.2038
40cb8be4-aae3-48a8-aaf7-02d68b1749b4,1162582029,25.12.2038
55de3a55-942b-42ae-94d1-50c7bca753f4,1162582030,25.12.2038
500a8ab8-1394-4cfd-9d4f-4836129f3237,1162582031,25.12.2038
d8022a50-ecf4-4b16-86d3-80f5e24a8d77,1162582032,25.12.2038
1d60b582-64d0-4ea7-b46d-03c9d46cfe45,1162582033,25.12.2038
3cc2ec91-3261-449a-acea-2c6cf6f0a878,1162582034,25.12.2038
af579b2e-03e0-4a78-96a9-d75c9f815fd2,1162582035,25.12.2038
fa54e6b6-51b6-491b-989c-d185f62e4219,1162582036,25.12.2038
e68f7baf-7f24-434d-89d2-84f3d8d13b24,1162582037,25.12.2038
427d120a-c80e-478a-9688-6a1278aaa9bb,1162582038,25.12.2038
4197bcb2-e0f7-4515-aa3d-919f47ba762c,1162582039,25.12.2038
8d7813ed-6acd-4686-9e32-be8ecb1965f6,1162582040,25.12.2038
7545ab4b-21b2-4cd4-964b-581cd2d103fb,1162582041,25.12.2038
ec566ff5-6d1a-483b-a036-f1edc9206c70,1162582042,25.12.2038
e57bb9a4-cfec-47fb-8c1c-6db01a002bf5,1162582043,25.12.2038
f5b1df1b-0150-4057-ba0d-57c000825b49,1162582044,25.12.2038
ed12f477-a61d-41a9-a3fe-55bfd9253bf0,1162582045,25.12.2038
1dc3cc62-b6d9-4215-8e6f-c7df8d4cd077,1162582046,25.12.2038
9b1b932c-7fe3-4e24-b28c-e3837d77668e,1162582047,25.12.2038
d92ec869-4f15-44a8-924b-36acf26fec1d,1162582048,25.12.2038
400e3c9f-24ae-4d8a-a527-36591c141c56,1162582049,25.12.2038
ce110799-afb6-4dca-b9e8-ebe077cd129e,1162582050,25.12.2038
73890d4e-9b6c-4b54-bbde-df5f0b70c6a5,1162582051,25.12.2038
acb54675-f7ed-4549-b52c-f7595dd5544a,1162582052,25.12.2038
79c589e1-ce68-48d3-b86e-88a6b6aff2f9,1162582053,25.12.2038
1a48ddc5-41ee-45d6-9137-03a2927d5c23,1162582054,25.12.2038
549bd117-18c3-42b7-9a67-06e3bd05ebfb,1162582055,25.12.2038
19b7799f-1085-480b-af2f-764e7aff6d20,1162582056,25.12.2038
c71a42cf-b91a-4323-8486-38d2ae310872,1162582057,25.12.2038
c8d4b27c-b352-4ef8-b7a7-c937332fa38b,1162582058,25.12.2038
19837772-3166-45c3-b573-129cc37bc65b,1162582059,25.12.2038
cfea4f4f-fe52-4689-8032-de6ed0f6f7c3,1162582060,25.12.2038
d7906474-3b29-4f89-b5b8-11b38fe7b6dd,1162582061,25.12.2038
49c7c7fc-0093-4263-abde-6b531890045f,1162582062,25.12.2038
f60a682f-ecbc-45ec-ab58-e4df475bc067,1162582063,25.12.2038
ccec0349-946f-43ef-adee-c6691c429702,1162582064,25.12.2038
